Workbook

Sheet Auditorio
C2: GRUPO 3
C3: AREA : A1 FECHA:
C6: Total sillas del área. | D6: 200
C7: Total silla vacías | D7: 5
C8: Total personas | D8: =(D6-D7)-(D9+D12+D14+D15+D16+D18) -> 143
C9: Total niños en auditorio | D9: 10
C12: Servidores | D12: 10
C13: Comunicaciones (dentro del auditorio) | D13: 10
C14: Logística | D14: 10
C15: Alabanza | D15: 10
C16: Consolidación | D16: 10
C17: Datafono | D17: 10
C18: Ministerial | D18: 2
C21: Servidora de Pastora | D21: 1

Sheet Iglekids
B2: IGLEKIDS
C4: Coordinadoras: | D4: 2
C5: Supervisoras: | D5: 4
C6: Maestros: | D6: 10
B8: Personal de Apoyo | C8: Recrearte: | D8: 5
C9: Regikids: | D9: 2
C10: Logikids: | D10: 2
C11: Salud Kids: | D11: 1
C12: Yo Soy | D12: 4
C13: Total Apoyo: | D13: =SUM(D8:D12) -> 14
C15: Total área Iglekids: | D15: =D13+D4+D5+D6 -> 30
C16: Niños: | D16: 20

Sheet Sobres
B1: Inventario de Sobres
B3: Sobres Ofrendas
B5: Inicial Ofrendas: | C5: 100
B6: Recibidos: | C6: 50
B7: Total Inventario Inicial | C7: =C5+C6 -> 150
B8: ➖Entregados: | C8: 50
B9: Final Ofrendas: | C9: =C7-C8 -> 100
B11: Sobres Protemplo
B13: Inicial Protemplo: | C13: 20
B14: Recibidos: | C14: 10
B15: Total Inventario Inicial | C15: =C13+C14 -> 30
B16: ➖Entregados: | C16: 10
B17: Final Protemplo: | C17: =C15-C16 -> 20
B19: Sobres Iglekids
B21: Inicial Iglekids: | C21: 100
B22: Recibidos: | C22: 20
B23: Total Inventario Inicial | C23: =C21+C22 -> 120
B24: ➖Entregados: | C24: 15
B25: Final Iglekids: | C25: =C23-C24 -> 105

Sheet Consolidado
B2: FECHA
B5: AUDITORIO
B6: RESUMEN GENERAL | C6: A1 | D6: TOTALES
B7: Sillas del área. | C7: =Auditorio!D6 -> 200 | D7: =SUM(C7:C7) -> 200
B8: Silla vacías | C8: =Auditorio!D7 -> 5 | D8: =SUM(C8:C8) -> 5
B9: Total Personas | C9: =Auditorio!D8 -> 143 | D9: =SUM(C9:C9) -> 143
B10: Total niños | C10: =Auditorio!D9 -> 10 | D10: =SUM(C10:C10) -> 10
B11: Total AUDITORIO
B13: SERVIDORES
B14: Areas | C14: A1 | D14: TOTAL
B15: Servidores: | C15: =Auditorio!D12 -> 10 | D15: =SUM(C15:C15) -> 10
B16: Consolidación: | C16: =Auditorio!D16 -> 10 | D16: =SUM(C16:C16) -> 10
B17: Comunicaciones: | C17: =Auditorio!D13 -> 10 | D17: =SUM(C17:C17) -> 10
B18: Logistica: | C18: =Auditorio!D14 -> 10 | D18: =SUM(C18:C18) -> 10
B19: Datafono: | C19: =Auditorio!D17 -> 10 | D19: =SUM(C19:C19) -> 10
B20: Ministerial: | C20: =Auditorio!D18 -> 2 | D20: =SUM(C20:C20) -> 2
B21: Alabanza: | C21: =Auditorio!D18 -> 2 | D21: =SUM(C21:C21) -> 2
B22: VIP: | C22: =Auditorio!D21 -> 1 | D22: =SUM(C22:C22) -> 1
B23: Iglekids: | C23: =Iglekids!D15 -> 30 | D23: =SUM(C23:C23) -> 30
B24: Total Servidores | C24: =SUM(C15:C23) -> 85 | D24: =SUM(D15:D23) -> 85

Sheet Informe
B2: Informe de Servicio GRUPO 3
B4: Fecha:
B5: Servicio:
B7: Asistencia Personas
B9: ➖En Sillas: | C9: =SUM(Consolidado!C9:C9) -> 143
B10: ➖Niños Auditorio: | C10: =Consolidado!D10 -> 10
B11: ➖Niños Iglekids: | C11: =Iglekids!D16 -> 20
B13: Total Auditorio | C13: =SUM(C9:C12) -> 173
B15: Area De Servidores:
B17: ➖Servidores: | C17: =Consolidado!D15 -> 10
B18: ➖Consolidación: | C18: =Consolidado!D16 -> 10
B19: ➖Comunicaciones: | C19: =Consolidado!D17 -> 10
B20: ➖Logistica: | C20: =Consolidado!D18 -> 10
B21: ➖Datafono: | C21: =Consolidado!D19 -> 10
B22: ➖Ministerial: | C22: =Consolidado!D20 -> 2
B23: ➖Alabanza: | C23: =Consolidado!D21 -> 2
B24: ➖VIP: | C24: =Consolidado!D22 -> 1
B25: ➖Iglekids: | C25: =Consolidado!C23 -> 30
B27: Total Área Servidores: | C27: =SUM(C17:C26) -> 85
B30: Total Personas Iglesia: | C30: =C13+C27 -> 258
B33: Canastas Ofrendas
B35: Entregadas: | C35: 9
B37: Sobres Ofrendas
B39: Inicial Ofrendas: | C39: =Sobres!C5 -> 100
B40: Recibidos: | C40: =Sobres!C6 -> 50
B41: Total: | C41: =Sobres!C7 -> 150
B42: ➖Entregados: | C42: =Sobres!C8 -> 50
B43: Final Ofrendas: | C43: =Sobres!C9 -> 100
B45: Sobres Protemplo
B47: Inicial Protemplo: | C47: =Sobres!C13 -> 20
B48: Recibidos: | C48: =Sobres!C14 -> 10
B49: 🟰Total: | C49: =Sobres!C15 -> 30
B50: ➖Entregados: | C50: =Sobres!C16 -> 10
B51: Final Protemplo: | C51: =Sobres!C17 -> 20
B53: Sobres Iglekids
B55: Inicial Iglekids: | C55: =Sobres!C21 -> 100
B56: Recibidos: | C56: =Sobres!C22 -> 20
B57: 🟰Total: | C57: =Sobres!C23 -> 120
B58: ➖Entregados: | C58: =Sobres!C24 -> 15
B59: Final Iglekids: | C59: =Sobres!C25 -> 105
